{
	"info": {
		"_postman_id": "520a71d3-7e78-412f-8e7c-3bbf81865623",
		"name": "Cyrella API",
		"schema": "https://schema.getpostman.com/json/collection/v2.1.0/collection.json"
	},
	"item": [
		{
			"name": "Ocorrencias",
			"item": [
				{
					"name": "Todas Ocorrencias",
					"protocolProfileBehavior": {
						"disableBodyPruning": true
					},
					"request": {
						"auth": {
							"type": "noauth"
						},
						"method": "GET",
						"header": [
							{
								"key": "Content-Type",
								"name": "Content-Type",
								"value": "application/json",
								"disabled": false
							}
						],
						"body": {
							"mode": "raw",
							"raw": ""
						},
						"url": {
							"raw": "https://api-cyrella-fiap.herokuapp.com/ocorrencias/",
							"protocol": "https",
							"host": [
								"api-cyrella-fiap",
								"herokuapp",
								"com"
							],
							"path": [
								"ocorrencias",
								""
							]
						},
						"description": "Todas Ocorrencias"
					},
					"response": []
				},
				{
					"name": "Ocorrencia by ID",
					"request": {
						"auth": {
							"type": "noauth"
						},
						"method": "GET",
						"header": [
							{
								"key": "Content-Type",
								"name": "Content-Type",
								"value": "application/json",
								"disabled": false
							}
						],
						"url": {
							"raw": "https://api-cyrella-fiap.herokuapp.com/ocorrencias/44",
							"protocol": "https",
							"host": [
								"api-cyrella-fiap",
								"herokuapp",
								"com"
							],
							"path": [
								"ocorrencias",
								"44"
							]
						},
						"description": "Ocorrencia by ID"
					},
					"response": []
				},
				{
					"name": "Editar Ocorrencia by ID",
					"request": {
						"auth": {
							"type": "noauth"
						},
						"method": "PUT",
						"header": [
							{
								"key": "Content-Type",
								"name": "Content-Type",
								"value": "application/json",
								"disabled": false
							}
						],
						"body": {
							"mode": "raw",
							"raw": "  {\r\n    \"ticketnumber\": 18,\r\n    \"pjo_bandeira\": \"Elo\",\r\n    \"description\": \"morte de inquilino\",\r\n    \"pjo_empreendimentoid\": 18,\r\n    \"pjo_unidade\": \"Pontal\",\r\n    \"pjo_clientedaunidade\": \"Lívia Franqueira Anhaia\",\r\n    \"pjo_bloco\": 18\r\n  }"
						},
						"url": {
							"raw": "https://api-cyrella-fiap.herokuapp.com/ocorrencias/editar/34",
							"protocol": "https",
							"host": [
								"api-cyrella-fiap",
								"herokuapp",
								"com"
							],
							"path": [
								"ocorrencias",
								"editar",
								"34"
							]
						}
					},
					"response": []
				},
				{
					"name": "Apagar Ocorrência por ID",
					"request": {
						"auth": {
							"type": "noauth"
						},
						"method": "DELETE",
						"header": [
							{
								"key": "Content-Type",
								"name": "Content-Type",
								"value": "application/json",
								"disabled": false
							}
						],
						"body": {
							"mode": "raw",
							"raw": ""
						},
						"url": {
							"raw": "https://api-cyrella-fiap.herokuapp.com/ocorrencias/remover/14",
							"protocol": "https",
							"host": [
								"api-cyrella-fiap",
								"herokuapp",
								"com"
							],
							"path": [
								"ocorrencias",
								"remover",
								"14"
							]
						}
					},
					"response": []
				},
				{
					"name": "Adicionar Ocorrência",
					"request": {
						"auth": {
							"type": "noauth"
						},
						"method": "POST",
						"header": [
							{
								"key": "Content-Type",
								"name": "Content-Type",
								"value": "application/json",
								"disabled": false
							}
						],
						"body": {
							"mode": "raw",
							"raw": "  {\r\n    \"ticketnumber\": 35,\r\n    \"pjo_bandeira\": \"Visa\",\r\n    \"description\": \"protesto em cartório\",\r\n    \"pjo_empreendimentoid\": 35,\r\n    \"pjo_unidade\": \"Jaçanã\",\r\n    \"pjo_clientedaunidade\": \"Domingos Feijó Homem\",\r\n    \"pjo_bloco\": 35\r\n  }"
						},
						"url": {
							"raw": "https://api-cyrella-fiap.herokuapp.com/ocorrencias/adicionar",
							"protocol": "https",
							"host": [
								"api-cyrella-fiap",
								"herokuapp",
								"com"
							],
							"path": [
								"ocorrencias",
								"adicionar"
							]
						}
					},
					"response": []
				}
			],
			"protocolProfileBehavior": {}
		},
		{
			"name": "Assistências",
			"item": [
				{
					"name": "Todas Assistências",
					"protocolProfileBehavior": {
						"disableBodyPruning": true
					},
					"request": {
						"auth": {
							"type": "noauth"
						},
						"method": "GET",
						"header": [
							{
								"key": "Content-Type",
								"name": "Content-Type",
								"value": "application/json",
								"disabled": false
							}
						],
						"body": {
							"mode": "raw",
							"raw": ""
						},
						"url": {
							"raw": "https://api-cyrella-fiap.herokuapp.com/assistencias",
							"protocol": "https",
							"host": [
								"api-cyrella-fiap",
								"herokuapp",
								"com"
							],
							"path": [
								"assistencias"
							]
						}
					},
					"response": []
				},
				{
					"name": "Assistência por ID",
					"protocolProfileBehavior": {
						"disableBodyPruning": true
					},
					"request": {
						"auth": {
							"type": "noauth"
						},
						"method": "GET",
						"header": [
							{
								"key": "Content-Type",
								"name": "Content-Type",
								"value": "application/json",
								"disabled": false
							}
						],
						"body": {
							"mode": "raw",
							"raw": ""
						},
						"url": {
							"raw": "https://api-cyrella-fiap.herokuapp.com/assistencias/64",
							"protocol": "https",
							"host": [
								"api-cyrella-fiap",
								"herokuapp",
								"com"
							],
							"path": [
								"assistencias",
								"64"
							]
						}
					},
					"response": []
				},
				{
					"name": "Adicionar Assistência",
					"request": {
						"auth": {
							"type": "noauth"
						},
						"method": "POST",
						"header": [
							{
								"key": "Content-Type",
								"name": "Content-Type",
								"value": "application/json",
								"disabled": false
							}
						],
						"body": {
							"mode": "raw",
							"raw": "  {\r\n    \"actualstart\": \"2020-11-23 03:56:51\",\r\n    \"actualend\": \"2020-06-03 05:49:20\",\r\n    \"pjo_tipodeatividade\": \"Benthall\",\r\n    \"subject\": \"etiam justo etiam pretium iaculis justo in hac habitasse platea dictumst etiam faucibus cursus urna ut tellus nulla\",\r\n    \"pjo_empreendimentoid\": \"amet lobortis sapien sapien non mi integer ac neque duis bibendum\",\r\n    \"pjo_blocoid\": 10,\r\n    \"pjo_unidadeid\": 10\r\n  }"
						},
						"url": {
							"raw": "https://api-cyrella-fiap.herokuapp.com/assistencias/adicionar",
							"protocol": "https",
							"host": [
								"api-cyrella-fiap",
								"herokuapp",
								"com"
							],
							"path": [
								"assistencias",
								"adicionar"
							]
						}
					},
					"response": []
				},
				{
					"name": "Editar Assistência",
					"request": {
						"auth": {
							"type": "noauth"
						},
						"method": "PUT",
						"header": [
							{
								"key": "Content-Type",
								"name": "Content-Type",
								"value": "application/json",
								"disabled": false
							}
						],
						"body": {
							"mode": "raw",
							"raw": "{  \"actualstart\": \"1995-01-02T00:00:00.000Z\",\r\n        \"actualend\": \"1993-01-02T00:00:00.000Z\",\r\n        \"pjo_tipodeatividade\": \"visita de imóvel em Pirituba\",\r\n        \"subject\": \"visita\",\r\n        \"pjo_empreendimentoid\": 12314,\r\n        \"pjo_blocoid\": 333,\r\n        \"pjo_unidadeid\": \"331\"}"
						},
						"url": {
							"raw": "https://api-cyrella-fiap.herokuapp.com/assistencias/editar/14",
							"protocol": "https",
							"host": [
								"api-cyrella-fiap",
								"herokuapp",
								"com"
							],
							"path": [
								"assistencias",
								"editar",
								"14"
							]
						}
					},
					"response": []
				},
				{
					"name": "Deletar Assistência",
					"request": {
						"auth": {
							"type": "noauth"
						},
						"method": "DELETE",
						"header": [
							{
								"key": "Content-Type",
								"name": "Content-Type",
								"value": "application/json",
								"disabled": false
							}
						],
						"body": {
							"mode": "raw",
							"raw": ""
						},
						"url": {
							"raw": "https://api-cyrella-fiap.herokuapp.com/assistencias/deletar/84",
							"protocol": "https",
							"host": [
								"api-cyrella-fiap",
								"herokuapp",
								"com"
							],
							"path": [
								"assistencias",
								"deletar",
								"84"
							]
						}
					},
					"response": []
				}
			],
			"protocolProfileBehavior": {}
		}
	],
	"protocolProfileBehavior": {}
}