{
	"info": {
		"_postman_id": "520a71d3-7e78-412f-8e7c-3bbf81865623",
		"name": "Cyrella API",
		"schema": "https://schema.getpostman.com/json/collection/v2.1.0/collection.json"
	},
	"item": [
		{
			"name": "Ocorrencias",
			"item": [
				{
					"name": "Todas Ocorrencias",
					"protocolProfileBehavior": {
						"disableBodyPruning": true
					},
					"request": {
						"auth": {
							"type": "noauth"
						},
						"method": "GET",
						"header": [
							{
								"key": "Content-Type",
								"name": "Content-Type",
								"value": "application/json",
								"disabled": false
							}
						],
						"body": {
							"mode": "raw",
							"raw": ""
						},
						"url": {
							"raw": "http://localhost:8080/ocorrencias/",
							"protocol": "https",
							"host": [
								"api-cyrella-fiap",
								"herokuapp",
								"com"
							],
							"path": [
								"ocorrencias",
								""
							]
						},
						"description": "Todas Ocorrencias"
					},
					"response": []
				},
				{
					"name": "Ocorrencia by ID",
					"request": {
						"auth": {
							"type": "noauth"
						},
						"method": "GET",
						"header": [
							{
								"key": "Content-Type",
								"name": "Content-Type",
								"value": "application/json",
								"disabled": false
							}
						],
						"url": {
							"raw": "http://localhost:8080/ocorrencias/9",
							"protocol": "https",
							"host": [
								"api-cyrella-fiap",
								"herokuapp",
								"com"
							],
							"path": [
								"ocorrencias",
								"9"
							]
						},
						"description": "Ocorrencia by ID"
					},
					"response": []
				},
				{
					"name": "Editar Ocorrencia by ID",
					"request": {
						"auth": {
							"type": "noauth"
						},
						"method": "PUT",
						"header": [
							{
								"key": "Content-Type",
								"name": "Content-Type",
								"value": "application/json",
								"disabled": false
							}
						],
						"body": {
							"mode": "raw",
							"raw": "{ \"pjo_bloco\": 1111,\r\n   \"pjo_unidade\":\"Granja Viana\",\r\n  \"description\":\"Abc de ef\",\r\n  \"pjo_bandeira\":\"ELO\",\r\n  \"pjo_empreendimentoid\": \"333\",\r\n  \"pjo_clientedaunidade\":\"Ruben Paschoarelli\"\r\n}"
						},
						"url": {
							"raw": "http://localhost:8080/ocorrencias/editar/9",
							"protocol": "https",
							"host": [
								"api-cyrella-fiap",
								"herokuapp",
								"com"
							],
							"path": [
								"ocorrencias",
								"editar",
								"9"
							]
						}
					},
					"response": []
				},
				{
					"name": "Apagar Ocorrência por ID",
					"protocolProfileBehavior": {
						"disableBodyPruning": true
					},
					"request": {
						"auth": {
							"type": "noauth"
						},
						"method": "GET",
						"header": [
							{
								"key": "Content-Type",
								"name": "Content-Type",
								"value": "application/json",
								"disabled": false
							}
						],
						"body": {
							"mode": "raw",
							"raw": ""
						},
						"url": {
							"raw": "http://localhost:8080/ocorrencias/9",
							"protocol": "https",
							"host": [
								"api-cyrella-fiap",
								"herokuapp",
								"com"
							],
							"path": [
								"ocorrencias",
								"9"
							]
						}
					},
					"response": []
				}
			],
			"protocolProfileBehavior": {}
		},
		{
			"name": "Assistências",
			"item": [
				{
					"name": "Todas Assistências",
					"protocolProfileBehavior": {
						"disableBodyPruning": true
					},
					"request": {
						"auth": {
							"type": "noauth"
						},
						"method": "GET",
						"header": [
							{
								"key": "Content-Type",
								"name": "Content-Type",
								"value": "application/json",
								"disabled": false
							}
						],
						"body": {
							"mode": "raw",
							"raw": ""
						},
						"url": {
							"raw": "http://localhost:8080/assistencias",
							"protocol": "https",
							"host": [
								"api-cyrella-fiap",
								"herokuapp",
								"com"
							],
							"path": [
								"assistencias"
							]
						}
					},
					"response": []
				},
				{
					"name": "Assistência por ID",
					"protocolProfileBehavior": {
						"disableBodyPruning": true
					},
					"request": {
						"auth": {
							"type": "noauth"
						},
						"method": "GET",
						"header": [
							{
								"key": "Content-Type",
								"name": "Content-Type",
								"value": "application/json",
								"disabled": false
							}
						],
						"body": {
							"mode": "raw",
							"raw": ""
						},
						"url": {
							"raw": "http://localhost:8080/assistencias/64",
							"protocol": "https",
							"host": [
								"api-cyrella-fiap",
								"herokuapp",
								"com"
							],
							"path": [
								"assistencias",
								"64"
							]
						}
					},
					"response": []
				},
				{
					"name": "Adicionar Assistência",
					"request": {
						"auth": {
							"type": "noauth"
						},
						"method": "POST",
						"header": [
							{
								"key": "Content-Type",
								"name": "Content-Type",
								"value": "application/json",
								"disabled": false
							}
						],
						"body": {
							"mode": "raw",
							"raw": "{  \"actualstart\": \"1995-01-02T00:00:00.000Z\",\r\n        \"actualend\": \"1993-01-02T00:00:00.000Z\",\r\n        \"pjo_tipodeatividade\": \"visita de imóvel no Morumbi\",\r\n        \"subject\": \"visita\",\r\n        \"pjo_empreendimentoid\": 12314,\r\n        \"pjo_blocoid\": 333,\r\n        \"pjo_unidadeid\": \"331\"}"
						},
						"url": {
							"raw": "http://localhost:8080/assistencias/adicionar",
							"protocol": "https",
							"host": [
								"api-cyrella-fiap",
								"herokuapp",
								"com"
							],
							"path": [
								"assistencias",
								"adicionar"
							]
						}
					},
					"response": []
				},
				{
					"name": "Editar Assistência",
					"request": {
						"auth": {
							"type": "noauth"
						},
						"method": "PUT",
						"header": [
							{
								"key": "Content-Type",
								"name": "Content-Type",
								"value": "application/json",
								"disabled": false
							}
						],
						"body": {
							"mode": "raw",
							"raw": "{  \"actualstart\": \"1995-01-02T00:00:00.000Z\",\r\n        \"actualend\": \"1993-01-02T00:00:00.000Z\",\r\n        \"pjo_tipodeatividade\": \"visita de imóvel no Jardins\",\r\n        \"subject\": \"visita\",\r\n        \"pjo_empreendimentoid\": 12314,\r\n        \"pjo_blocoid\": 333,\r\n        \"pjo_unidadeid\": \"331\"}"
						},
						"url": {
							"raw": "http://localhost:8080/assistencias/editar/84",
							"protocol": "https",
							"host": [
								"api-cyrella-fiap",
								"herokuapp",
								"com"
							],
							"path": [
								"assistencias",
								"editar",
								"84"
							]
						}
					},
					"response": []
				},
				{
					"name": "Deletar Assistência",
					"request": {
						"auth": {
							"type": "noauth"
						},
						"method": "DELETE",
						"header": [
							{
								"key": "Content-Type",
								"name": "Content-Type",
								"value": "application/json",
								"disabled": false
							}
						],
						"body": {
							"mode": "raw",
							"raw": ""
						},
						"url": {
							"raw": "http://localhost:8080/assistencias/deletar/84",
							"protocol": "https",
							"host": [
								"api-cyrella-fiap",
								"herokuapp",
								"com"
							],
							"path": [
								"assistencias",
								"deletar",
								"84"
							]
						}
					},
					"response": []
				}
			],
			"protocolProfileBehavior": {}
		}
	],
	"protocolProfileBehavior": {}
}